Id,CreationDate,year,Score,Tags,BodyLength,CodeBlockCount,question_type,type_label
55834678,2019-04-24,2019,-1,|php|arrays|,2134,4,,
75794042,2023-03-20,2023,-1,|python|dataframe|dataset|extract|,466,1,,
66484124,2021-03-04,2021,1,|python|dictionary|,1760,7,,
57746821,2019-09-01,2019,3,|self-signed-certificate|mbsync|isync|,1702,7,,
68827674,2021-08-18,2021,0,|jquery|angular|signalr|,553,1,,
61882732,2020-05-19,2020,0,|tensorflow|machine-learning|computer-vision|classification|ensemble-learning|,232,0,,
63462811,2020-08-18,2020,0,|spring-boot|rest|aggregation-framework|,2731,3,,
65310275,2020-12-15,2020,0,|reactjs|unit-testing|axios|react-hooks|enzyme|,1964,2,,
67552432,2021-05-16,2021,1,|sql|postgresql|postgresql-12|,502,1,,
69285105,2021-09-22,2021,0,|arrays|laravel-8|,1482,3,,
77931867,2024-02-03,2024,0,|angular|sass|angular-material|mat-select|,698,3,,
68562291,2021-07-28,2021,0,|oracle11g|oracle-sqldeveloper|oracle-apex|,1884,2,,
56528633,2019-06-10,2019,2,|c#|regex|,1139,5,,
48874539,2018-02-19,2018,1,|django|django-widget-tweaks|,113,0,,
75282879,2023-01-30,2023,0,|angular|typescript|,787,4,,
75654173,2023-03-06,2023,1,|eclipse|file-transfer|opc-ua|opc|milo|,1142,2,,
70850236,2022-01-25,2022,1,|python|html|css|pandas|pandas-styles|,471,2,,
76875082,2023-08-10,2023,-1,|javascript|reactjs|dom-events|,1444,4,,
78070380,2024-02-27,2024,0,|c++|bit-manipulation|gpio|,2682,4,,
71220362,2022-02-22,2022,0,|python|numpy|scipy|numerical-integration|,1383,2,,
66689496,2021-03-18,2021,0,|java|android|react-native|gradle|,1659,2,,
66427110,2021-03-01,2021,0,|python|excel|xlwings|,784,0,,
76052239,2023-04-19,2023,0,|xml|talend|,178,0,,
63990425,2020-09-21,2020,0,|python|web-scraping|scrapy|,2424,1,,
61939106,2020-05-21,2020,0,|google-sheets|google-sheets-api|,418,1,,
68075004,2021-06-21,2021,0,|firebase|google-chrome-extension|,393,1,,
70839366,2022-01-24,2022,0,|jestjs|enzyme|spfx|,8058,7,,
50624629,2018-05-31,2018,-3,|c++|c|arrays|,183,1,,
62002232,2020-05-25,2020,0,|git|eclipse|egit|,410,0,,
63466096,2020-08-18,2020,2,|java|amazon-web-services|sdk|amazon-kinesis|amazon-kinesis-agent|,541,5,,
56524243,2019-06-10,2019,0,|python-3.x|pandas|,1365,4,,
76750633,2023-07-23,2023,0,|python|arcade|,1197,1,,
56223146,2019-05-20,2019,0,|wpf|data-binding|,583,10,,
54855562,2019-02-24,2019,1,|html|css|flexbox|,856,1,,
55381197,2019-03-27,2019,1,|javascript|node.js|electron|,1081,2,,
71175751,2022-02-18,2022,1,|c#|visual-studio|,923,0,,
76810604,2023-08-01,2023,0,|python|python-3.x|python-import|,590,2,,
73875524,2022-09-28,2022,1,|java|wildfly|,1422,2,,
76120678,2023-04-27,2023,0,|.net-core|,1618,3,,
55615195,2019-04-10,2019,6,|spring-boot|netflix-zuul|,578,0,,
56336469,2019-05-28,2019,0,|gradle|kotlin|gradle-kotlin-dsl|,2029,7,,
53665177,2018-12-07,2018,1,|scala|playframework|prometheus|kamon|,1941,11,,
62505853,2020-06-22,2020,2,|jquery|ajax|craftcms|,1651,3,,
76561278,2023-06-27,2023,0,|javascript|node.js|angular|angular-cli|,306,0,,
77741314,2024-01-01,2024,-1,|python|tensorflow|keras|,319,4,,
75660610,2023-03-07,2023,0,|spring|spring-boot|kotlin|aop|aspectj|,2513,6,,
77932642,2024-02-03,2024,0,|python|cmd|pip|pycharm|,790,3,,
70212404,2021-12-03,2021,2,|reactjs|fetch-api|,803,2,,
50331085,2018-05-14,2018,0,|reporting-services|,516,2,,
59336210,2019-12-14,2019,0,|javascript|reactjs|,1945,1,,
69181770,2021-09-14,2021,0,|python|for-loop|recursion|permutation|continue|,2825,6,,
51163541,2018-07-03,2018,0,|cassandra|cassandra-3.0|,1521,11,,
75909139,2023-04-01,2023,0,|python|google-apps-script|google-sheets|,1646,4,,
53140198,2018-11-04,2018,7,|python|matplotlib|plot|title|subplot|,732,2,,
52752259,2018-10-11,2018,15,|reference|rust|closures|lifetime|mutable|,1325,3,,
77820234,2024-01-15,2024,0,|json|jsonpath|json-path-expression|json-extract|json-arrayagg|,2079,4,,
76633358,2023-07-07,2023,0,|flutter|,2273,1,,
57607959,2019-08-22,2019,0,|android|android-recyclerview|,5160,5,,
61867795,2020-05-18,2020,0,|git|ssl|jenkins|kubernetes|,5804,2,,
77822767,2024-01-15,2024,0,|parameters|linear-regression|transformation|interpretation|inverse-transform|,654,0,,
50490788,2018-05-23,2018,4,|sql|t-sql|sql-server-2012|,1821,9,,
67648535,2021-05-22,2021,0,|python-3.x|function|,1049,1,,
74645229,2022-12-01,2022,-1,|ios|xcode|macos|azure-devops|,646,4,,
53555866,2018-11-30,2018,0,|sql|oracle|datetime|,2891,10,,
78233546,2024-03-27,2024,-1,|networking|embedded-linux|ping|beagleboneblack|lan|,1260,3,,
75189473,2023-01-20,2023,1,|javascript|reactjs|jspdf|html-pdf|node-html-pdf|,1018,1,,
61782516,2020-05-13,2020,0,|python|pandas|machine-learning|seaborn|data-science|,3627,3,,
52341941,2018-09-15,2018,0,|r|ggplot2|,505,1,,
54550458,2019-02-06,2019,0,|ios|swift|uicollectionview|autolayout|uicollectionviewcell|,1149,4,,
78207449,2024-03-22,2024,1,|r|ggplot2|plotly|ggplotly|dendrogram|,4181,6,,
68450093,2021-07-20,2021,0,|visual-studio-code|terminal|,244,0,,
51153886,2018-07-03,2018,0,|javascript|node.js|firebase|google-cloud-functions|,2781,4,,
59731749,2020-01-14,2020,1,|python-3.x|,2164,1,,
51311395,2018-07-12,2018,-3,|html|gif|multimedia|,3023,1,,
72850266,2022-07-03,2022,3,|alexa-skills-kit|,807,0,,
78015289,2024-02-18,2024,0,|javascript|mysql|node.js|nestjs|typeorm|,3840,3,,
75758118,2023-03-16,2023,0,|ios|xcode|react-native|,544,1,,
77911515,2024-01-31,2024,0,|python|console|fastapi|google-cloud-logging|log-level|,1515,3,,
56965746,2019-07-10,2019,3,|php|apache|,589,2,,
66071554,2021-02-05,2021,1,|lua|garrys-mod|,276,1,,
62350616,2020-06-12,2020,2,|python|,791,1,,
60471823,2020-03-01,2020,-1,|database|google-apps-script|web-scraping|,1318,1,,
78190991,2024-03-20,2024,0,|java|jmeter|performance-testing|loadrunner|jmeter-5.0|,258,0,,
63672577,2020-08-31,2020,0,|angular|angular-material|,2486,2,,
58084833,2019-09-24,2019,0,|google-apps-script|google-sheets|hide|,538,0,,
77765230,2024-01-05,2024,0,|spring-boot|feign|,2027,11,,
49253569,2018-03-13,2018,0,|mysql|sql|spring|jpa|,447,1,,
67372087,2021-05-03,2021,3,|python|optimization|nonlinear-optimization|gekko|discrete-optimization|,3248,3,,
48513251,2018-01-30,2018,2,|angular|typescript|ngfor|,2443,5,,
52251175,2018-09-10,2018,1,|php|curl|fopen|file-get-contents|simple-html-dom|,1356,0,,
78128563,2024-03-08,2024,0,|pytorch|multiprocessing|huggingface-transformers|multi-gpu|,3519,10,,
66350456,2021-02-24,2021,1,|typescript|visual-studio-code|vscode-extensions|,933,2,,
53668429,2018-12-07,2018,0,|javascript|reactjs|higher-order-functions|higher-order-components|,1111,6,,
78099086,2024-03-04,2024,0,|racket|,585,1,,
51956447,2018-08-21,2018,0,|vba|excel|,536,1,,
77447490,2023-11-08,2023,1,|c++|static-members|explicit-instantiation|,464,2,,
77883156,2024-01-25,2024,0,|python|excel|vba|openpyxl|,1829,1,,
61677407,2020-05-08,2020,1,|oracle|plsql|types|alter|,358,0,,
60327131,2020-02-20,2020,0,|java|swing|authentication|button|jframe|,5022,1,,
57061470,2019-07-16,2019,0,|shell|aws-cli|,931,3,,
73327166,2022-08-11,2022,2,|c#|.net|csv|class|oop|,3720,1,,
57975882,2019-09-17,2019,7,|python|amazon-s3|aws-lambda|amazon-iam|amazon-athena|,2073,3,,
78124940,2024-03-07,2024,0,|mysql-workbench|,751,0,,
66959745,2021-04-05,2021,0,|vim|macvim|,471,7,,
52222087,2018-09-07,2018,0,|powerbi|,509,2,,
72854438,2022-07-04,2022,0,|java|spring-boot|spring-security|jersey|,2876,2,,
49785147,2018-04-11,2018,0,|java|intellij-idea|command|,791,2,,
58735735,2019-11-06,2019,2,|python|rest|api|flask|flask-restful|,884,4,,
58815473,2019-11-12,2019,2,|python|pandas|,4932,18,,
48920074,2018-02-22,2018,2,|reactjs|react-router-v4|higher-order-components|,243,0,,
61730757,2020-05-11,2020,0,|mysql|arrays|node.js|json|,1272,2,,
74291115,2022-11-02,2022,0,|google-cloud-platform|google-bigquery|,462,1,,
50766827,2018-06-08,2018,2,|java|android|kotlin|,713,2,,
56253759,2019-05-22,2019,1,|java|string|algorithm|arraylist|logic|,2108,3,,
77241020,2023-10-05,2023,0,|python|json|,1749,9,,
64941184,2020-11-21,2020,2,|javascript|typescript|,2395,16,,
67983767,2021-06-15,2021,0,|javascript|jquery|,1084,2,,
75996512,2023-04-12,2023,-2,|database|postgresql|apache|apache-age|,1155,6,,
69322874,2021-09-25,2021,0,|java|arrays|methods|,526,2,,
54934134,2019-02-28,2019,0,|django|django-models|many-to-many|manytomanyfield|,697,0,,
74928080,2022-12-27,2022,1,|javascript|html|css|emoji|,783,4,,
68936967,2021-08-26,2021,1,|google-cloud-run|,1476,3,,
62256752,2020-06-08,2020,-1,|instagram|instagram-api|,543,0,,
77970922,2024-02-09,2024,1,|node.js|express|redis|,3406,6,,
69785785,2021-10-31,2021,0,|python-3.x|pandas|loops|plot|,797,4,,
52983245,2018-10-25,2018,0,|google-chrome-devtools|,351,0,,
78130729,2024-03-08,2024,0,|flutter|material3|,119,0,,
73769695,2022-09-19,2022,-1,|angular|froala|,275,1,,
77995905,2024-02-14,2024,2,|python-3.x|pandas|,545,1,,
52353454,2018-09-16,2018,0,|java|hash|hashtable|,9107,2,,
56948688,2019-07-09,2019,0,|java|observer-pattern|,432,0,,
77951273,2024-02-06,2024,0,|javascript|electron|tauri|,974,3,,
50772531,2018-06-09,2018,1,|java|xml|xsd|websphere|sdo|,5398,26,,
73060818,2022-07-21,2022,1,|angular|typescript|angular-material|angular13|,1602,3,,
75235933,2023-01-25,2023,0,|python|reactjs|python-3.x|react-native|flask|,1651,4,,
49750420,2018-04-10,2018,0,|android|listview|arraylist|custom-arrayadapter|,6848,7,,
61872104,2020-05-18,2020,0,|laravel|vue.js|selectall|vue-good-table|,764,0,,
74553821,2022-11-23,2022,0,|javascript|node.js|axios|get|,624,1,,
61355924,2020-04-22,2020,2,|node.js|nginx|,900,1,,
56610744,2019-06-15,2019,0,|algorithm|tree|graph-theory|,222,0,,
52078418,2018-08-29,2018,-2,|google-analytics|google-analytics-api|,664,1,,
53521029,2018-11-28,2018,0,|str-replace|,521,3,,
64887572,2020-11-18,2020,0,|unity-game-engine|transform|gameobject|,800,1,,
78031196,2024-02-21,2024,0,|python-3.x|opencv|,2241,2,,
76794823,2023-07-29,2023,4,|c#|linq|ienumerable|,834,1,,
65898879,2021-01-26,2021,0,|db2|db2-luw|,846,3,,
75366067,2023-02-06,2023,0,|flutter|image|resize|scale|,774,1,,
64884276,2020-11-17,2020,5,|php|docker|nginx|docker-compose|fpm|,1167,4,,
60209616,2020-02-13,2020,2,|google-cloud-platform|vpc|google-cloud-networking|,481,0,,
53283721,2018-11-13,2018,0,|javascript|,401,0,,
61374616,2020-04-22,2020,0,|python|python-asyncio|discord.py|,1535,4,,
59618765,2020-01-06,2020,1,|go|channel|goroutine|,1555,2,,
74262606,2022-10-31,2022,1,|html|css|flexbox|tablecell|,1247,1,,
64498286,2020-10-23,2020,2,|visual-studio|debugging|asp-classic|,1669,2,,
50780207,2018-06-10,2018,9,|amazon-web-services|amazon-ec2|amazon-route53|amazon-elb|,697,0,,
60791235,2020-03-21,2020,0,|r|shiny|,1036,1,,
69047014,2021-09-03,2021,1,|r|dplyr|,2634,5,,
48702088,2018-02-09,2018,1,|html|css|typescript|angular5|,1076,2,,
57777285,2019-09-03,2019,0,|android|google-voice|,903,0,,
69337279,2021-09-26,2021,-1,|powershell|azure-devops|,1035,1,,
68871746,2021-08-21,2021,0,|html|css|internet-explorer|bootstrap-4|,4196,2,,
67174412,2021-04-20,2021,1,|css|reactjs|antd|,398,1,,
73119961,2022-07-26,2022,0,|magento2|,197,0,,
60728365,2020-03-17,2020,-1,|python|regex|python-3.x|,1687,4,,
77449620,2023-11-08,2023,0,|vba|ms-word|,912,1,,
65753221,2021-01-16,2021,-3,|sql|oracle|join|oracle-sqldeveloper|,1987,10,,
70550457,2022-01-01,2022,1,|javascript|reactjs|react-hook-form|reactstrap|,1941,1,,
77474825,2023-11-13,2023,0,|github|github-api|,2361,3,,
65790939,2021-01-19,2021,1,|windows|powershell|apache-kafka|cmd|,3497,7,,
68912697,2021-08-24,2021,0,|javascript|stripe-payments|,2324,3,,
78047536,2024-02-23,2024,0,|survey|surveyjs|,250,0,,
76512837,2023-06-20,2023,4,|ios|swift|lifecycle|scene|uiscenedelegate|,3072,3,,
63749335,2020-09-05,2020,1,|reactjs|react-hooks|,4036,1,,
68087845,2021-06-22,2021,1,|java|regex|intellij-idea|flex-lexer|intellij-plugin|,6277,9,,
78189813,2024-03-19,2024,-2,|xcode|macos|gfortran|,924,2,,
55323999,2019-03-24,2019,5,|regex|ag|,673,4,,
63452399,2020-08-17,2020,0,|google-apps-script|google-sheets|google-drive-api|,3068,3,,
78080980,2024-02-29,2024,0,|python|kivy|stripe-payments|kivymd|,965,0,,
77739716,2023-12-31,2023,6,|android|flutter|storage|usb-drive|,2192,9,,
72755774,2022-06-25,2022,3,|airflow|airflow-scheduler|,303,2,,
63188459,2020-07-31,2020,2,|ajax|wordpress|woocommerce|cart|hook-woocommerce|,8005,7,,
74705407,2022-12-06,2022,-2,|sql|sql-server|filter|whitespace|,619,3,,
58826535,2019-11-12,2019,0,|c++|opencv|stereo-3d|calibration|,2355,2,,
55621058,2019-04-10,2019,1,|scala|list|,228,2,,
78200986,2024-03-21,2024,0,|symfony|sylius|,1489,0,,
75689485,2023-03-09,2023,0,|c#|azure|asp.net-core|microsoft-graph-api|,5624,7,,
74274245,2022-11-01,2022,0,|python|pandas|dataframe|merge|pandas-merge|,447,1,,
52569630,2018-09-29,2018,0,|javascript|gsap|scrollmagic|,1176,1,,
50968398,2018-06-21,2018,1,|html|css|wordpress|,1645,2,,
51682245,2018-08-04,2018,0,|php|html|,437,2,,
76831156,2023-08-03,2023,0,|javascript|arrays|for-loop|,1463,1,,
66184425,2021-02-13,2021,4,|macos|xcode12|,448,3,,
77190510,2023-09-27,2023,0,|android|ios|react-native|,252,0,,
76163569,2023-05-03,2023,1,|node.js|events|ethereum|web3js|ethers.js|,949,1,,
69443179,2021-10-04,2021,0,|spring|spring-boot|oauth-2.0|oauth|,529,1,,
78220568,2024-03-25,2024,-1,|java|authentication|spring-security|,9776,2,,
56440478,2019-06-04,2019,0,|docker|docker-image|docker-tag|,674,3,,
51327338,2018-07-13,2018,1,|ios|swift|native|auth0|auth0-lock|,2670,4,,
50338978,2018-05-14,2018,3,|reactjs|react-native|npm|,10431,2,,
51663371,2018-08-02,2018,0,|c#|unity-game-engine|timer|,950,1,,
48233768,2018-01-12,2018,1,|python|python-3.x|,271,2,,
58788353,2019-11-10,2019,5,|swift|xcode|appkit|,2142,4,,
62835992,2020-07-10,2020,0,|maven|jmeter|,746,1,,
77958728,2024-02-08,2024,1,|github|github-pages|github-flavored-markdown|,1525,3,,
49408999,2018-03-21,2018,0,|node.js|node-modules|,2338,4,,
50905345,2018-06-18,2018,1,|angular|frontend|zone|zone.js|ngzone|,1174,3,,
78181546,2024-03-18,2024,1,|javascript|node.js|xml|jsdom|saxon-js|,1504,2,,
77037909,2023-09-04,2023,2,|go|error-handling|,1531,7,,
59195005,2019-12-05,2019,1,|node.js|express|,1356,1,,
77739450,2023-12-31,2023,0,|python-3.x|postgresql|odoo-15|,2816,1,,
69646484,2021-10-20,2021,3,|javascript|p5.js|,1622,2,,
77899580,2024-01-29,2024,0,|r|dplyr|,1712,5,,
64177826,2020-10-02,2020,0,|javascript|node.js|promise|,1149,2,,
70780226,2022-01-20,2022,0,|pandas|,1361,2,,
57829913,2019-09-07,2019,2,|unit-testing|go|mocking|,3837,14,,
71111203,2022-02-14,2022,4,|amazon-web-services|versioning|optimistic-locking|amazon-s3|,1856,0,,
74240462,2022-10-28,2022,0,|c|libcurl|,1590,4,,
50556516,2018-05-27,2018,0,|elasticsearch|lucene|logstash|,1453,1,,
72942329,2022-07-11,2022,0,|c|assembly|x86|,2119,14,,
66014487,2021-02-02,2021,3,|c++|numerical-integration|,1273,6,,
75954476,2023-04-06,2023,0,|git|github|,797,6,,
77449962,2023-11-09,2023,1,|go|go-gin|,1335,3,,
48801752,2018-02-15,2018,0,|ios|swift|uitableview|,1824,7,,
49494924,2018-03-26,2018,2,|java|networking|authentication|server|ip-address|,4502,1,,
52093350,2018-08-30,2018,-1,|angular5|angular-httpclient|,932,1,,
66677220,2021-03-17,2021,0,|node.js|kernel|node-modules|v8|,1028,0,,
59654769,2020-01-08,2020,0,|python|tensorflow|keras|tensorflow2.0|yolo|,4957,8,,
64009727,2020-09-22,2020,0,|javascript|plugins|imgix|,1796,2,,
77826617,2024-01-16,2024,0,|cookies|google-chrome-devtools|,420,0,,
67399400,2021-05-05,2021,1,|kubernetes|apache-flink|high-availability|taskmanager|,5505,1,,
77945704,2024-02-06,2024,0,|javascript|react-native|,2501,1,,
58108998,2019-09-26,2019,0,|ios|swift|,3447,3,,
74639903,2022-12-01,2022,0,|flutter|firebase|google-cloud-firestore|,1732,1,,
77648311,2023-12-12,2023,3,|java|spring-boot|hibernate|spring-data-jpa|,1708,5,,
51151585,2018-07-03,2018,8,|java|eclipse|selenium|cucumber|,2734,1,,
76374920,2023-05-31,2023,0,|active-directory|ldap|apacheds|,766,0,,
64015979,2020-09-22,2020,1,|cube.js|,197,0,,
52575504,2018-09-30,2018,0,|azure-table-storage|,1790,6,,
49265130,2018-03-13,2018,5,|java|android|sqlite|migration|android-room|,7487,3,,
77307057,2023-10-17,2023,0,|codemirror-6|,345,1,,
65413560,2020-12-22,2020,0,|elasticsearch|,171,0,,
74459034,2022-11-16,2022,1,|javascript|select|cypress|ui-automation|select-options|,841,5,,
78132940,2024-03-09,2024,-2,|mysql|phpmyadmin|xampp|,400,0,,
70158741,2021-11-29,2021,0,|r|dplyr|tidyverse|,2567,4,,
51672185,2018-08-03,2018,0,|swift|database|sqlite|binding|,214,0,,
65890870,2021-01-25,2021,1,|python|file|discord.py|,441,0,,
62015224,2020-05-26,2020,0,|elasticsearch|elasticsearch-dsl|elasticsearch-analyzers|,1820,9,,
76396264,2023-06-03,2023,0,|flask|pymongo|sparql|rdflib|,4224,4,,
77746513,2024-01-02,2024,0,|python|machine-learning|linear-regression|,2061,3,,
65453073,2020-12-26,2020,0,|r|ggplot2|,305,0,,
54841615,2019-02-23,2019,1,|css|internet-explorer|flexbox|,2366,2,,
77872721,2024-01-24,2024,0,|excel|vba|vba7|vba6|,1183,1,,
65749537,2021-01-16,2021,0,|python|string|list|slice|,866,1,,
68114968,2021-06-24,2021,0,|c++|point-cloud-library|pcl|,601,1,,
49799171,2018-04-12,2018,3,|firebase|firebase-realtime-database|dart|flutter|,336,0,,
77730809,2023-12-29,2023,0,|google-sheets|array-formulas|,1149,0,,
64424304,2020-10-19,2020,1,|javascript|reactjs|material-ui|,991,1,,
59673792,2020-01-09,2020,3,|c++|properties|overriding|getter|,508,2,,
67599931,2021-05-19,2021,0,|geoserver|,2222,1,,
54433514,2019-01-30,2019,0,|c#|uwp|,707,1,,
77917493,2024-02-01,2024,0,|android|c++|time|,2513,2,,
74980947,2023-01-02,2023,2,|nuxtjs3|,1208,2,,
59539119,2019-12-31,2019,2,|java|spring|rest|spring-boot|,4772,8,,
53804755,2018-12-16,2018,1,|antlr4|,645,0,,
66819156,2021-03-26,2021,1,|javascript|html|css|focus|wcag|,1040,1,,
52265585,2018-09-10,2018,2,|azure|metadata|adfs|azure-ad-b2c|ws-federation|,531,0,,
77937051,2024-02-04,2024,0,|html|facebook|comments|,1295,2,,
55096743,2019-03-11,2019,1,|http|http-headers|,246,1,,
61298176,2020-04-19,2020,1,|python-3.x|selenium-webdriver|selenium-chromedriver|,1463,5,,
48871820,2018-02-19,2018,0,|c#|json|serialization|json.net|,3397,3,,
77616261,2023-12-06,2023,0,|reactjs|next.js|,2043,3,,
55852315,2019-04-25,2019,-1,|python|pandas|classification|multilabel-classification|,1175,1,,
58189435,2019-10-01,2019,2,|amazon-web-services|aws-lambda|amazon-vpc|subnet|network-interface|,1314,0,,
75904992,2023-04-01,2023,1,|django|,2648,5,,
64580150,2020-10-28,2020,0,|c#|json|encoding|,1013,4,,
53325681,2018-11-15,2018,2,|com|c++17|variadic-templates|sfinae|fold-expression|,3889,5,,
77767820,2024-01-06,2024,1,|vba|ms-access|,1244,1,,
75904447,2023-04-01,2023,0,|rust|,429,1,,
74639130,2022-12-01,2022,0,|angular|rxjs|rxjs7|,2709,2,,
78121684,2024-03-07,2024,0,|reactjs|cors|swagger|vite|,2287,3,,
62162408,2020-06-02,2020,1,|php|apache|homebrew|httpd.conf|,1685,7,,
55653433,2019-04-12,2019,2,|c|regex|,891,1,,
62061460,2020-05-28,2020,1,|reporting-services|ssrs-2012|,1152,4,,
77857636,2024-01-22,2024,0,|r|ggplot2|confidence-interval|non-linear-regression|x-axis|,2266,2,,
66062734,2021-02-05,2021,1,|types|type-conversion|julia|,1265,6,,
61010029,2020-04-03,2020,1,|mysql|,821,1,,
71134178,2022-02-15,2022,0,|javascript|html|asp.net|asp.net-mvc|,3767,4,,
57962283,2019-09-16,2019,0,|r|loops|ggplot2|r-markdown|,2385,2,,
67207986,2021-04-22,2021,0,|jenkins|tomcat|tomcat9|,5475,1,,
70757606,2022-01-18,2022,0,|r|loops|memory|large-data|,678,0,,
78056715,2024-02-25,2024,0,|android|flutter|kotlin|dart|gradle|,6555,1,,
76700301,2023-07-16,2023,0,|javascript|reactjs|next.js|,3718,5,,
62044840,2020-05-27,2020,0,|docker|raspberry-pi|azure-iot-edge|azure-iot-sdk|vcpkg|,799,0,,
73906478,2022-09-30,2022,1,|mysql|mariadb|query-optimization|,2452,8,,
52353944,2018-09-16,2018,1,|python|numpy|image-processing|,1292,2,,
60229029,2020-02-14,2020,0,|python-3.x|authentication|jenkins|python-requests|,1048,2,,
54182644,2019-01-14,2019,2,|node.js|amazon-web-services|jenkins|aws-lambda|aws-serverless|,2607,3,,
78082965,2024-02-29,2024,0,|telerik|,883,0,,
77332214,2023-10-20,2023,0,|mysql|node.js|typescript|nestjs|,2324,5,,
54409820,2019-01-28,2019,0,|cas|,980,1,,
73848912,2022-09-26,2022,0,|curl|jwt|keycloak|keycloak-rest-api|,10107,2,,
76008750,2023-04-13,2023,0,|javascript|html|child-process|,1022,2,,
77633516,2023-12-10,2023,0,|unity-game-engine|,872,0,,
58695177,2019-11-04,2019,0,|asp.net-mvc|linq|,559,3,,
65627730,2021-01-08,2021,1,|react-native|expo|,2421,1,,
77839583,2024-01-18,2024,0,|r|maps|openstreetmap|osmdata|,477,1,,
69210560,2021-09-16,2021,2,|javascript|filereader|fileapi|,960,1,,
56673981,2019-06-19,2019,0,|r|ggplot2|,2834,4,,
69813742,2021-11-02,2021,4,|javascript|visual-studio-code|es6-modules|,1017,0,,
67507513,2021-05-12,2021,0,|javascript|html|css|svg|,3656,3,,
58185261,2019-10-01,2019,0,|java|android|android-recyclerview|listener|,4611,2,,
59121439,2019-12-01,2019,1,|php|formatting|word-wrap|typography|plaintext|,2775,4,,
76914371,2023-08-16,2023,0,|object|arraylist|serialization|deserialization|,2391,3,,
77954718,2024-02-07,2024,0,|npm|npm-scripts|,1299,9,,
54713729,2019-02-15,2019,0,|python|,856,2,,
74210613,2022-10-26,2022,3,|python|python-3.x|python-3.9|,2056,3,,
77725011,2023-12-28,2023,0,|php|nginx|,2861,1,,
78017690,2024-02-18,2024,0,|python-requests|urllib3|python-3.12|,519,1,,
68032884,2021-06-18,2021,17,|python|ffmpeg|video-processing|moviepy|,2199,4,,
78191521,2024-03-20,2024,0,|powershell|,1169,2,,
56336702,2019-05-28,2019,7,|python|python-3.x|type-hinting|python-typing|,692,4,,
55823423,2019-04-24,2019,0,|node.js|body-parser|express-4|,1140,2,,
69187807,2021-09-15,2021,2,|wso2|amazon-lex|,237,0,,
66377075,2021-02-25,2021,0,|javascript|angular|typescript|paypal|angular8|,3297,3,,
52102421,2018-08-30,2018,2,|haskell|ghci|,620,5,,
58705633,2019-11-05,2019,1,|javascript|mongodb|docker|server|nosql|,183,0,,
77774417,2024-01-07,2024,0,|primeng|,5613,2,,
67999501,2021-06-16,2021,0,|javascript|object|compare|,986,2,,
78112967,2024-03-06,2024,1,|swiftui|swiftui-navigationstack|,1697,2,,
50403318,2018-05-18,2018,0,|python|logging|yaml|,2634,9,,
68775855,2021-08-13,2021,2,|javascript|mysql|node.js|express|sequelize.js|,6444,12,,
50516145,2018-05-24,2018,2,|intellij-idea|kotlin|,425,0,,
77104303,2023-09-14,2023,-2,|postgresql|pgadmin|,2906,2,,
57820453,2019-09-06,2019,4,|html|css|svg|font-size|,1154,7,,
70707540,2022-01-14,2022,3,|flutter|android-studio|mobile|build.gradle|development-environment|,380,0,,
74514985,2022-11-21,2022,1,|python|loops|parameters|,1490,1,,
64678720,2020-11-04,2020,3,|c++|for-loop|while-loop|ifstream|istringstream|,1450,8,,
60826060,2020-03-24,2020,0,|angularjs|,777,1,,
70938379,2022-02-01,2022,1,|json|kotlin|serialization|,2336,6,,
62976525,2020-07-19,2020,2,|reactjs|deployment|web-deployment|,1138,4,,
55818372,2019-04-23,2019,0,|python|jupyter-notebook|tarfile|,932,2,,
56397861,2019-05-31,2019,2,|amazon-web-services|powershell|aws-powershell|amazon-workspaces|,2716,1,,
75729961,2023-03-14,2023,0,|c++|qt|,3604,9,,
70253502,2021-12-07,2021,0,|reactjs|google-chrome|webpack|redux|next.js|,710,1,,
64227946,2020-10-06,2020,-3,|c|list|compiler-errors|,1585,33,,
54014693,2019-01-02,2019,1,|pandas|,737,4,,
70322115,2021-12-12,2021,9,|redis|log4j|,315,0,,
59108414,2019-11-29,2019,3,|java|assertj|,1942,5,,
67004593,2021-04-08,2021,0,|c++|vector|graph|adjacency-list|,1861,5,,
52887896,2018-10-19,2018,0,|hyperledger-fabric|hyperledger-composer|hyperledger-explorer|,4844,3,,
70832276,2022-01-24,2022,1,|javascript|,1295,4,,
61964034,2020-05-22,2020,0,|html|css|,1726,2,,
60553444,2020-03-05,2020,0,|javascript|extjs|navigation|panel|,1983,1,,
52981358,2018-10-25,2018,0,|c#|wpf|,2326,2,,
71727440,2022-04-03,2022,0,|go|io|buffering|,1721,15,,
69032648,2021-09-02,2021,1,|azure|databricks|azure-keyvault|azure-private-link|,655,0,,
59552944,2020-01-01,2020,0,|ios|swift|closures|,1131,8,,
73373201,2022-08-16,2022,1,|c++|c++11|floating-point-conversion|,2579,3,,
77876243,2024-01-24,2024,0,|java|mysql|hibernate|,2956,12,,
55061760,2019-03-08,2019,1,|java|swagger-codegen|,1832,15,,
72511742,2022-06-05,2022,0,|javascript|file-system-access-api|,929,0,,
78180675,2024-03-18,2024,0,|python|oracle|cx-oracle|dml|,1683,3,,
78135684,2024-03-10,2024,0,|asynchronous|notifications|upload|,344,0,,
53043363,2018-10-29,2018,0,|c#|wpf|libvlc|vlc.dotnet|,864,3,,
58624717,2019-10-30,2019,3,|swiftui|swiftui-list|,896,1,,
66774003,2021-03-24,2021,-1,|python|,751,4,,
78193069,2024-03-20,2024,-2,|jquery|stripe-payments|stripes|,2514,2,,
75295998,2023-01-31,2023,0,|azure|azure-data-factory|,1344,3,,
78238057,2024-03-28,2024,-1,|ssh|ssh-keys|openssh|,8288,4,,
72124171,2022-05-05,2022,2,|android|nfc|,1656,2,,
71057140,2022-02-09,2022,1,|c++|initialization|declaration|,1099,5,,
51434866,2018-07-20,2018,0,|python|import|module|package|,1279,8,,
78221583,2024-03-25,2024,1,|excel|delphi|,1157,9,,
53932799,2018-12-26,2018,1,|javascript|java|spring|jsp|jstl|,1024,1,,
69226590,2021-09-17,2021,0,|java|spring-boot|docker|redis|,11274,7,,
75691427,2023-03-10,2023,2,|datadog|datadog-dashboard|terraform-provider-datadog|,289,0,,
56451879,2019-06-04,2019,0,|postgresql|datagrip|,924,0,,
49349655,2018-03-18,2018,1,|r|ggplot2|,1297,4,,
48433201,2018-01-24,2018,0,|c|linux|gcc|makefile|,2986,1,,
78039758,2024-02-22,2024,1,|android|kotlin|android-jetpack-compose|,2006,1,,
77988838,2024-02-13,2024,0,|r|networking|visualization|,922,1,,
53134725,2018-11-03,2018,0,|softmax|numpy-indexing|,490,3,,
74897399,2022-12-23,2022,8,|flutter|material3|,1446,1,,
74044185,2022-10-12,2022,0,|r|function|,384,1,,
68112724,2021-06-24,2021,0,|json|,396,1,,
78114930,2024-03-06,2024,3,|postgresql|postgresql-14|,1622,3,,
61435626,2020-04-26,2020,0,|flutter|,1077,1,,
76434834,2023-06-08,2023,0,|reactjs|react-native|webpack|,2904,1,,
65140566,2020-12-04,2020,4,|asp.net-core|next.js|single-page-application|server-side-rendering|asp-net-core-spa-services|,643,0,,
77849125,2024-01-19,2024,0,|react-native|react-native-flatlist|touchablewithoutfeedback|,1321,7,,
62055743,2020-05-28,2020,0,|drake-r-package|,2997,12,,
50991387,2018-06-22,2018,1,|python|pandas|,626,3,,
77219992,2023-10-03,2023,1,|python|scikit-learn|scikit-learn-pipeline|,1210,5,,
64436072,2020-10-19,2020,0,|sql|sql-server|t-sql|subquery|common-table-expression|,1195,1,,
51191401,2018-07-05,2018,0,|apache-spark|cloudera-manager|,624,0,,
70204904,2021-12-02,2021,0,|powerbi|powerquery|,143,0,,
60700441,2020-03-16,2020,0,|excel|vba|userform|,2688,2,,
50949419,2018-06-20,2018,0,|c#|wcf|,1270,2,,
59382503,2019-12-17,2019,6,|javascript|vue.js|ip-address|,1137,2,,
62459323,2020-06-18,2020,0,|html|jquery|libraries|migrating|,1885,2,,
78114620,2024-03-06,2024,0,|react-testing-library|,2653,1,,
69272800,2021-09-21,2021,0,|apache-spark|pyspark|hive|apache-spark-sql|amazon-emr|,797,4,,
68772193,2021-08-13,2021,0,|c++|arrays|,1463,1,,
54144365,2019-01-11,2019,2,|ionic-framework|ionic3|sqlcipher|,384,0,,
77788814,2024-01-09,2024,0,|sbt|,348,0,,
74526153,2022-11-22,2022,1,|c++|opencv|visual-studio-2019|photo|,1493,1,,
77020295,2023-09-01,2023,0,|c#|design-patterns|adapter|mediator|,274,0,,
56333531,2019-05-27,2019,1,|r|,542,2,,
77584945,2023-12-01,2023,0,|javascript|html|css|,4027,3,,
78007291,2024-02-16,2024,0,|python|git|google-cloud-platform|google-compute-engine|mage|,3542,2,,
71487589,2022-03-15,2022,1,|typescript|aws-lambda|,711,4,,
73107747,2022-07-25,2022,0,|python|python-3.x|mongodb|pymongo|pymongo-3.x|,995,0,,
70866866,2022-01-26,2022,0,|groovy|findall|collect|,4281,18,,
77861690,2024-01-22,2024,1,|javascript|reactjs|autocomplete|,5908,2,,
76156879,2023-05-02,2023,0,|html|css|flexbox|,3610,2,,
78049710,2024-02-23,2024,1,|xml|xmlstarlet|,2660,15,,
49954696,2018-04-21,2018,0,|java|performance|java-8|java-stream|,3392,8,,
76304959,2023-05-22,2023,1,|powershell|,1591,1,,
55788648,2019-04-22,2019,2,|python|python-3.x|pandas|,1133,1,,
71259177,2022-02-24,2022,0,|python|mysql|tkinter|,2779,1,,
58205410,2019-10-02,2019,0,|javascript|arrays|if-statement|vue.js|google-cloud-firestore|,2220,3,,
70453868,2021-12-22,2021,0,|selenium|scrapy|staleelementreferenceexception|scrapy-selenium|,2235,3,,
58211441,2019-10-03,2019,0,|javascript|reactjs|,429,0,,
71161139,2022-02-17,2022,7,|blazor|blazor-server-side|,338,3,,
68476540,2021-07-21,2021,0,|python|,1842,3,,
69475483,2021-10-07,2021,0,|node.js|,586,2,,
78002571,2024-02-15,2024,0,|azure-active-directory|azure-entra-id|,412,0,,
71473428,2022-03-14,2022,1,|html|jquery|,1645,3,,
57858016,2019-09-09,2019,-2,|jquery|laravel|serialization|,5161,4,,
76947064,2023-08-21,2023,0,|sql|oracle|liquibase|,1744,5,,
77911309,2024-01-31,2024,0,|python|selenium-webdriver|selenium-chromedriver|,1928,2,,
60691901,2020-03-15,2020,0,|clang|llvm|,1368,8,,
73451108,2022-08-22,2022,1,|javascript|html|button|onclick|increment|,2113,3,,
76579893,2023-06-29,2023,0,|vue.js|vite|vitepress|,2289,12,,
55393538,2019-03-28,2019,0,|sdn|opendaylight|mininet|openflow|,443,1,,
73185765,2022-07-31,2022,4,|postgresql|entity-framework-core|connection-string|.net-6.0|,3932,4,,
77899500,2024-01-29,2024,0,|apache-flink|flink-streaming|,1677,0,,
76416476,2023-06-06,2023,0,|python|optimization|,9280,2,,
50506653,2018-05-24,2018,2,|javascript|jquery|html|css|,15138,2,,
58332342,2019-10-10,2019,1,|python|regex|string|pandas|text-extraction|,711,1,,
72018611,2022-04-26,2022,0,|apache-nifi|,1317,3,,
78125257,2024-03-08,2024,0,|sql-server|active-directory|ssms|kerberos|,1881,8,,
55279692,2019-03-21,2019,1,|bash|shell|jenkins|scripting|sh|,813,4,,
49379065,2018-03-20,2018,0,|jacoco|jacoco-maven-plugin|,1150,1,,
54198228,2019-01-15,2019,0,|r|rename|,1755,5,,
71290298,2022-02-28,2022,0,|javascript|axios|array.prototype.map|,2435,4,,
77884203,2024-01-26,2024,0,|php|html|,1876,2,,
65523644,2020-12-31,2020,2,|python|python-3.x|pyautogui|,2914,7,,
77833544,2024-01-17,2024,1,|cobol|microfocus|procobol|,3752,1,,
73054477,2022-07-20,2022,1,|c++|visual-studio-code|g++|c++-concepts|,2491,3,,
74696135,2022-12-06,2022,-1,|amazon-web-services|docker|amazon-ecs|,832,0,,
75884636,2023-03-30,2023,1,|python|tkinter|filedialog|,854,6,,
50646168,2018-06-01,2018,0,|javascript|jquery|indexof|,1047,1,,
78199648,2024-03-21,2024,0,|jquery|css|background-color|printthis|,2123,7,,
53201721,2018-11-08,2018,5,|python|python-3.x|pandas|pandas-groupby|candlestick-chart|,1348,1,,
72408128,2022-05-27,2022,5,|python|python-decorators|mypy|python-typing|pyright|,2009,6,,
59343568,2019-12-15,2019,1,|python|flask|flask-sqlalchemy|,3735,1,,
61630179,2020-05-06,2020,0,|php|laravel|laravel-5|eloquent|,774,1,,
67946818,2021-06-12,2021,0,|python|numpy|statsmodels|,405,2,,
78085080,2024-03-01,2024,1,|github-actions|,630,1,,
75551358,2023-02-23,2023,0,|node.js|reactjs|dependencies|react-dom|testing-library|,7221,4,,
70195063,2021-12-02,2021,0,|python|django|database|,2156,18,,
48797566,2018-02-14,2018,-1,|python-2.7|speech-recognition|voice-recognition|,268,0,,
54020626,2019-01-03,2019,-1,|sapui5|,469,1,,
72225833,2022-05-13,2022,3,|java|linux|docker|docker-compose|dockerfile|,2622,7,,
77876988,2024-01-25,2024,0,|excel|vba|,764,2,,
71149346,2022-02-16,2022,0,|email|ms-word|office365|ms-office|mailmerge|,4371,0,,
64143067,2020-09-30,2020,0,|python|pandas|dataframe|datetimeindex|,2300,1,,
75576913,2023-02-27,2023,1,|amazon-web-services|aws-cloudformation|aws-secrets-manager|,1307,3,,
62904368,2020-07-14,2020,5,|c#|.net-core|asp.net-core-3.1|,4312,4,,
71309722,2022-03-01,2022,0,|video|ffmpeg|video-streaming|m3u8|ffmpeg-php|,382,1,,
56974566,2019-07-10,2019,0,|docker|dockerfile|goofys|,366,1,,
74181719,2022-10-24,2022,0,|kubernetes|hadoop|mrjob|,1189,8,,
76052352,2023-04-19,2023,0,|reactjs|react-hooks|onclick|,1305,3,,
72961086,2022-07-13,2022,0,|mongoose|mongodb-query|,796,3,,
77764514,2024-01-05,2024,1,|angular|dom|properties|observable|,5352,11,,
61675149,2020-05-08,2020,1,|python|flask|,6570,14,,
77810553,2024-01-13,2024,2,|string|lua|path|filenames|lua-patterns|,810,7,,
69952229,2021-11-13,2021,1,|sql-server|database|,1123,2,,
77880183,2024-01-25,2024,1,|azure-ad-b2c|azure-ad-b2c-custom-policy|,3989,2,,
53085027,2018-10-31,2018,0,|html|css|,4112,1,,
55908743,2019-04-29,2019,-1,|python|combinations|,503,1,,
73971206,2022-10-06,2022,1,|typescript|aws-lambda|aws-sdk|,4058,10,,
74432682,2022-11-14,2022,1,|c#|unity-game-engine|c#-8.0|unity-editor|,925,0,,
67266351,2021-04-26,2021,0,|kendo-ui|kendo-chart|,1415,1,,
55514364,2019-04-04,2019,1,|node.js|adonis.js|,2218,5,,
67588006,2021-05-18,2021,0,|wso2|wso2-identity-server|,487,0,,
71660975,2022-03-29,2022,2,|c++|ffmpeg|webrtc|,4466,29,,
58119310,2019-09-26,2019,1,|npm|dependencies|yarnpkg|peer-dependencies|,1002,5,,
74840676,2022-12-18,2022,0,|html|css|angular|antd|ng-zorro-antd|,2417,2,,
78227356,2024-03-26,2024,0,|android|kotlin|android-jetpack-compose|,2294,2,,
75267282,2023-01-28,2023,0,|python|django|database|sqlite|orm|,7872,6,,
73518993,2022-08-28,2022,1,|reactjs|unit-testing|ts-jest|jest-fetch-mock|,581,2,,
74191837,2022-10-25,2022,-1,|python|,568,1,,
78189893,2024-03-19,2024,0,|typescript|next.js|fetch|react-query|tanstackreact-query|,7319,2,,
58903444,2019-11-17,2019,0,|azure-web-app-service|azure-webapps|,706,1,,
77533656,2023-11-22,2023,-2,|arrays|postgresql|,1450,0,,
65590428,2021-01-06,2021,1,|android|android-studio|pip|chaquopy|,4629,2,,
74782856,2022-12-13,2022,0,|c#|linq|group-by|entity-framework-core|ef-core-6.0|,1400,2,,
65693983,2021-01-13,2021,1,|postgresql|postgresql-9.6|,871,4,,
57849498,2019-09-09,2019,0,|javascript|thymeleaf|,913,3,,
58389082,2019-10-15,2019,1,|r|list|while-loop|,922,10,,
77190745,2023-09-27,2023,0,|json|jq|,2778,14,,
50558167,2018-05-28,2018,0,|c#|this|,845,1,,
56099388,2019-05-12,2019,0,|java|azure|device|azure-eventgrid|,479,0,,
63678559,2020-08-31,2020,1,|vhdl|vivado|,3045,5,,
67574031,2021-05-17,2021,1,|r|label|dygraphs|,1980,8,,
73175797,2022-07-30,2022,1,|r|shiny|,8808,3,,
54134692,2019-01-10,2019,3,|javascript|redux|immutability|,1451,4,,
49592305,2018-03-31,2018,0,|python|jupyter-notebook|wget|unzip|,1298,4,,
70221271,2021-12-03,2021,-1,|c|,643,2,,
70023795,2021-11-18,2021,0,|for-loop|if-statement|google-apps-script|,1701,1,,
59953033,2020-01-28,2020,1,|r|ggplot2|plot|,560,3,,
62840541,2020-07-10,2020,1,|ruby|,483,2,,
73787994,2022-09-20,2022,0,|javascript|react-native|facebook-events|facebook-analytics|,935,1,,
56581453,2019-06-13,2019,0,|git|,724,1,,
54043564,2019-01-04,2019,0,|c#|visual-studio|,896,1,,
65281752,2020-12-13,2020,1,|reactjs|laravel|post|,1642,2,,
74474501,2022-11-17,2022,1,|javascript|react-native|,1180,1,,
65464682,2020-12-27,2020,1,|java|eclipse|,348,4,,
73554830,2022-08-31,2022,1,|javascript|google-apps-script|google-sheets|,1512,1,,
77978964,2024-02-12,2024,1,|javascript|angular|httpclient|angular16|,3385,5,,
56963755,2019-07-10,2019,2,|build|regex-lookarounds|dockerhub|,729,3,,
74701464,2022-12-06,2022,0,|flutter|dart|dart-null-safety|,5360,1,,
77332396,2023-10-20,2023,1,|java|spring|spring-boot|thymeleaf|,2521,3,,
77616761,2023-12-06,2023,0,|angular|typescript|,2659,2,,
64669897,2020-11-03,2020,0,|javascript|loops|object|dom|local-storage|,1712,1,,
77777426,2024-01-08,2024,0,|nodes|collision|webots|,284,0,,
77353129,2023-10-24,2023,1,|android|facebook|android-manifest|ads|facebook-ads|,2734,4,,
77801304,2024-01-11,2024,0,|gitlab|gitlab-ci|,2309,13,,
75445430,2023-02-14,2023,0,|java|postgresql|jpa|eclipselink|,2504,4,,
66032023,2021-02-03,2021,1,|python|scikit-learn|dataset|,865,4,,
77929139,2024-02-02,2024,0,|flutter|video|camera|rendering|,8229,1,,
75157320,2023-01-18,2023,0,|mysql|sql|,890,2,,
62316081,2020-06-11,2020,0,|javascript|jsp|charts|google-visualization|,3552,1,,
70857331,2022-01-26,2022,1,|vue.js|vue-component|,2806,2,,
74654145,2022-12-02,2022,1,|c|,2156,6,,
59513317,2019-12-28,2019,0,|javascript|node.js|mongodb|mongoose|cron|,376,0,,
60911380,2020-03-29,2020,2,|reactjs|react-hooks|,2553,3,,
78082252,2024-02-29,2024,0,|excel|excel-formula|,566,0,,
65694309,2021-01-13,2021,0,|postgresql|,451,3,,
63427661,2020-08-15,2020,0,|python|django|django-rest-framework|django-views|,1454,3,,
75978895,2023-04-10,2023,0,|python|ffmpeg|ffmpeg-python|,333,1,,
66237695,2021-02-17,2021,0,|python|python-3.x|selenium|selenium-webdriver|selenium-chromedriver|,5516,2,,
74475464,2022-11-17,2022,-2,|visual-studio|github|gitlab|gitlab-ci|github-actions|,349,0,,
78246968,2024-03-30,2024,0,|math|,673,0,,
70270637,2021-12-08,2021,2,|reactjs|react-native|,4422,6,,
65309188,2020-12-15,2020,0,|python|datetime|timedelta|,463,1,,
65008722,2020-11-25,2020,0,|python|pandas|csv|utf-8|filepath|,1487,3,,
70259708,2021-12-07,2021,0,|api|shopify|shopify-api|,1451,7,,
66120447,2021-02-09,2021,1,|git|gitlab|git-bash|,533,0,,
63532719,2020-08-22,2020,2,|flutter|flutter-layout|flutter-appbar|,2300,1,,
77743294,2024-01-01,2024,1,|docker|docker-compose|docker-swarm|,2961,18,,
75560424,2023-02-24,2023,0,|python|classification|huggingface-transformers|bert-language-model|,1483,2,,
74523859,2022-11-21,2022,1,|python|python-decorators|pylint|python-descriptors|,998,4,,
69070213,2021-09-06,2021,1,|android|unity-game-engine|,694,0,,
77076633,2023-09-10,2023,0,|javascript|html5-audio|audio-recording|,1186,0,,
77931855,2024-02-03,2024,0,|hash|ctf|,2791,2,,
77795297,2024-01-10,2024,0,|salesforce|salesforce-lightning|salesforce-flow|,456,0,,
77867230,2024-01-23,2024,2,|c++|templates|,1677,3,,
76849961,2023-08-07,2023,1,|linux|bash|,507,2,,
76326404,2023-05-24,2023,0,|mysql|csv|utf-8|,874,3,,
48735721,2018-02-11,2018,1,|intellij-idea|,506,1,,
62185285,2020-06-04,2020,0,|c#|xamarin.forms|,859,4,,
59446476,2019-12-22,2019,3,|rust|,625,1,,
76515145,2023-06-20,2023,1,|nginx|cors|nginx-reverse-proxy|preflight|nginx-cache|,821,0,,
50163456,2018-05-03,2018,-3,|javascript|jquery|,729,2,,
76150466,2023-05-01,2023,0,|excel|vba|ms-access-2010|,1012,1,,
54691106,2019-02-14,2019,0,|c#|.net|dropbox|dropbox-api|,2074,2,,
77715542,2023-12-26,2023,0,|amazon-web-services|amazon-sns|,349,0,,
76229064,2023-05-11,2023,0,|react-native|gradle|build|expo|,704,2,,
78071423,2024-02-28,2024,0,|git|,1641,3,,
48230672,2018-01-12,2018,0,|java|logback|dropwizard|,3079,6,,
76776977,2023-07-27,2023,1,|mongodb|performance|collections|,1355,1,,
63717723,2020-09-03,2020,2,|reactjs|redux|,299,2,,
76892416,2023-08-13,2023,0,|sqlite|flask|flask-migrate|,810,0,,
73227685,2022-08-03,2022,0,|google-apps-script|google-sheets|,435,4,,
75181762,2023-01-20,2023,-1,|java|openssl|rsa|private-key|keytool|,1291,10,,
78188976,2024-03-19,2024,0,|javascript|html|dom|domdocument|string-concatenation|,15839,3,,
61413148,2020-04-24,2020,0,|python|python-asyncio|quart|,1563,4,,
69726885,2021-10-26,2021,0,|node.js|oauth|google-oauth|,1148,3,,
68098641,2021-06-23,2021,2,|reactjs|npm|,1040,1,,
75154816,2023-01-18,2023,0,|angular|bootstrap-modal|angular14|,1283,4,,
62295709,2020-06-10,2020,4,|linux|shell|centos|,6017,9,,
49739469,2018-04-09,2018,-2,|javascript|jquery|html|,1050,2,,
78096431,2024-03-03,2024,0,|asp.net|angular|iis|,1650,1,,
77384479,2023-10-29,2023,0,|react-native|react-native-paper|,879,1,,
51780069,2018-08-10,2018,2,|mysql|sql|,2491,2,,
77704588,2023-12-22,2023,0,|image-processing|computer-vision|flir|pyspin|,668,0,,
72679368,2022-06-19,2022,0,|flutter|authentication|token|deep-linking|,402,0,,
76023906,2023-04-15,2023,0,|postgresql|database-design|ihp|bi-temporal|,199,0,,
51675558,2018-08-03,2018,-1,|vba|excel|,2161,1,,
49678239,2018-04-05,2018,0,|sass|gulp|,975,1,,
64762064,2020-11-10,2020,1,|java|excel|apache-poi|,4334,1,,
57931882,2019-09-14,2019,2,|amazon-web-services|ssl|amazon-cloudfront|devops|sni|,2482,0,,
52962691,2018-10-24,2018,0,|sql-server|ssis|ssis-2012|,1216,0,,
77758277,2024-01-04,2024,0,|python|macos|llama-cpp-python|llamacpp|,1518,5,,
64079437,2020-09-26,2020,5,|pandas|dataframe|csv|grouping|,1434,4,,
73842592,2022-09-25,2022,1,|amazon-dynamodb|,603,0,,
66558295,2021-03-10,2021,0,|c#|.net-core|,949,1,,
61555262,2020-05-02,2020,17,|angular|amazon-cognito|aws-amplify|,1039,1,,
72598866,2022-06-13,2022,0,|character-encoding|command|git-bash|,242,0,,
67103749,2021-04-15,2021,2,|javascript|html|jquery|,899,2,,
75721080,2023-03-13,2023,1,|python|python-3.x|dictionary|text|multiline|,1333,1,,
72803292,2022-06-29,2022,1,|azure|command-line-interface|vcenter|azure-arc|,2708,2,,
56091957,2019-05-11,2019,4,|alexa-skills-kit|,2602,6,,
49198295,2018-03-09,2018,0,|oracle|sqr|,2176,15,,
71838639,2022-04-12,2022,-3,|javascript|angular|,293,0,,
56940725,2019-07-08,2019,0,|serial-port|command-line-interface|io-redirection|,1622,6,,
78038133,2024-02-22,2024,0,|css|tailwind-css|,2605,4,,
76700392,2023-07-16,2023,-1,|javascript|jquery|,1914,2,,
53822909,2018-12-17,2018,0,|database|delayed-job|nomad|,287,0,,
48386552,2018-01-22,2018,0,|javascript|angularjs|,1964,2,,
57776953,2019-09-03,2019,1,|javascript|vue.js|vuejs2|vue-component|nuxt.js|,1175,3,,
50205689,2018-05-07,2018,0,|facebook|facebook-graph-api|facebook-events|,1643,1,,
72378271,2022-05-25,2022,0,|variables|awk|printf|width|dynamic-columns|,2600,4,,
69126770,2021-09-10,2021,0,|python-3.x|django|multithreading|,359,1,,
56394593,2019-05-31,2019,14,|class|exception|kotlin|jackson|inline|,409,2,,
64135800,2020-09-30,2020,1,|node.js|amazon-web-services|cassandra|amazon-keyspaces|,607,3,,
53867102,2018-12-20,2018,-1,|android|android-studio|android-layout|,448,0,,
69109739,2021-09-08,2021,0,|javascript|html|video|onclick|,1294,2,,
61919365,2020-05-20,2020,0,|nginx|,1607,5,,
63296520,2020-08-07,2020,2,|pandas|numpy|tensorflow|tfrecord|tfx|,2940,4,,
71931673,2022-04-19,2022,0,|postgresql|performance|amazon-rds|,1649,1,,
71004603,2022-02-06,2022,2,|c++|tensorrt|,1564,1,,
78104045,2024-03-04,2024,0,|arduino|locking|servo|keypad|,4611,1,,
61241194,2020-04-16,2020,1,|javascript|reactjs|webpack|,740,1,,
63657507,2020-08-30,2020,0,|php|sql|laravel|laravel-5|,2085,8,,
59311437,2019-12-12,2019,0,|reactjs|react-hooks|filereader|use-effect|,2038,4,,
77306845,2023-10-17,2023,0,|apache-superset|,549,2,,
71642921,2022-03-28,2022,-1,|python|python-3.x|discord|discord.py|,975,1,,
74535708,2022-11-22,2022,0,|plantuml|activity-diagram|,339,0,,
57041383,2019-07-15,2019,0,|esp8266|time.h|,575,1,,
75672998,2023-03-08,2023,1,|python|outlook|email-attachments|temporary-files|office-automation|,1068,1,,
66974479,2021-04-06,2021,0,|python|linux|pycharm|zsh|curses|,2227,2,,
49962763,2018-04-22,2018,0,|go|smtp|,810,2,,
78056836,2024-02-25,2024,-1,|javascript|java|selenium-webdriver|undetected-chromedriver|,961,0,,
76052311,2023-04-19,2023,1,|c++|xcode|clang|clang++|,2053,11,,
49470727,2018-03-24,2018,2,|python|file|variables|file-io|split|,424,2,,
63460146,2020-08-18,2020,1,|unity-game-engine|unity-dots|unity-ecs|,8623,2,,
52021249,2018-08-25,2018,0,|php|arrays|csv|while-loop|,828,3,,
77265107,2023-10-10,2023,1,|java|spring|mapstruct|,2322,6,,
73644107,2022-09-08,2022,-4,|c#|,303,1,,
74406493,2022-11-11,2022,2,|javascript|iframe|google-chrome-extension|cross-domain|same-origin-policy|,2864,2,,
68762090,2021-08-12,2021,0,|javascript|html|angular|,930,2,,
52999209,2018-10-25,2018,0,|c#|generics|inheritance|,9719,4,,
66852203,2021-03-29,2021,-2,|python|python-3.x|dictionary|pass-by-reference|pass-by-value|,718,1,,
76894203,2023-08-13,2023,0,|react-native|expo|,1570,1,,
66651682,2021-03-16,2021,0,|python|post|parameters|fastapi|,1173,4,,
64683404,2020-11-04,2020,1,|deep-learning|png|jpeg|,374,0,,
53770592,2018-12-13,2018,2,|sonarqube|sonarqube-scan|sonar-runner|,850,5,,
70049824,2021-11-20,2021,0,|javascript|html|css|gsap|,2779,3,,
77835262,2024-01-17,2024,0,|azure|hl7-fhir|unauthorized|,1122,2,,
67634661,2021-05-21,2021,0,|java|spring-boot|quartz-scheduler|,365,0,,
61545385,2020-05-01,2020,0,|django|,321,1,,
54515364,2019-02-04,2019,0,|cmake|,2618,3,,
78025701,2024-02-20,2024,0,|database|mongodb|performance|query-optimization|,356,1,,
77958311,2024-02-07,2024,0,|python|pandas|qcut|,3074,2,,
74703869,2022-12-06,2022,0,|postgresql|ora2pg|,1541,3,,
77973272,2024-02-10,2024,-1,|python|regex|,1185,6,,
75640605,2023-03-05,2023,0,|opencv|ubuntu|,840,1,,
64670241,2020-11-03,2020,1,|javascript|java|server-sent-events|polling|,1564,0,,
75418728,2023-02-11,2023,0,|java|image|user-interface|jframe|,2645,4,,
75786837,2023-03-20,2023,0,|android|kotlin|,10622,3,,
55899717,2019-04-29,2019,0,|elasticsearch|,1024,5,,
72971861,2022-07-13,2022,0,|arduino|arduino-nano|,956,1,,
75059859,2023-01-09,2023,0,|database|mongodb|mongodb-query|mapreduce|,694,1,,
51825822,2018-08-13,2018,1,|git|git-extensions|,541,4,,
73064691,2022-07-21,2022,1,|firebase|google-cloud-functions|,2079,4,,
77450455,2023-11-09,2023,1,|css|sass|,2526,3,,
60960436,2020-03-31,2020,0,|c|data-structures|struct|linked-list|singly-linked-list|,1038,2,,
52983830,2018-10-25,2018,2,|angular|angular5|karma-jasmine|angular-routing|angular-test|,2179,5,,
69520745,2021-10-11,2021,1,|python-3.x|tkinter|,7902,3,,
72864316,2022-07-05,2022,0,|sql|postgresql|,582,0,,
54188076,2019-01-14,2019,0,|bootstrap-4|,1472,1,,
63770200,2020-09-07,2020,0,|javascript|node.js|discord|discord.js|,413,2,,
54034075,2019-01-04,2019,2,|p2p|ipfs|,410,0,,
69160723,2021-09-13,2021,-1,|javascript|html|function|audio|wav|,850,3,,
70749640,2022-01-18,2022,0,|python|mysql|peewee|database-deadlocks|,5605,2,,
70813464,2022-01-22,2022,0,|c#|xamarin|xamarin.forms|,774,1,,
69961964,2021-11-14,2021,1,|github|github-api|,1028,0,,
69513663,2021-10-10,2021,3,|c++|cmake|conan|,1261,1,,
77940713,2024-02-05,2024,-1,|html|css|css-animations|,1117,2,,
58642374,2019-10-31,2019,0,|windows|powershell|compiler-errors|,1593,4,,
77770666,2024-01-06,2024,0,|c#|.net|,6589,6,,
48596098,2018-02-03,2018,2,|javascript|forms|reactjs|,1086,1,,
66018582,2021-02-02,2021,2,|perl|,2686,4,,
53375906,2018-11-19,2018,1,|javascript|vue.js|vuetify.js|,2808,8,,
72550260,2022-06-08,2022,0,|design-patterns|rust|,4828,7,,
68534110,2021-07-26,2021,0,|python|python-3.x|tkinter|scrollbar|tkinter-entry|,3572,1,,
62461698,2020-06-19,2020,5,|python|python-3.x|discord.py|,683,3,,
73664411,2022-09-09,2022,0,|python|,646,2,,
58223278,2019-10-03,2019,1,|html|,704,1,,
78236100,2024-03-28,2024,-1,|node.js|facebook|whatsapp|whatsapi|whatsapp-cloud-api|,1109,0,,
49414222,2018-03-21,2018,2,|java|unknown-host|,3004,2,,
52697474,2018-10-08,2018,0,|c#|opengl|viewport|screen-resolution|opentk|,2347,1,,
56082371,2019-05-10,2019,0,|javascript|reactjs|firebase|,2979,1,,
62592365,2020-06-26,2020,0,|r|tar|,259,6,,
71653766,2022-03-28,2022,0,|ibm-watson|watson-assistant|web-chat|,298,0,,
58271763,2019-10-07,2019,1,|android|testing|android-intent|junit|nfc|,749,0,,
